# If you do not see your language, please add the language name first, then add your full name underneath with your github ID
# Example shown below:
# Japanese
# Yuri Kobayashi | veenaiyuri


Japanese (JA)

Yuri Kobayashi | veenaiyuri
Kifumi Numata | kifumi
Daiki Murata | daiki0623
Shunsuke Sotobayashi | derwind
Hayato Motegi | HayatoMotegi
Emi Adachi | emi-aimy
Yusuke Mizutani | mi2valley
Kaori Namba | knamba-jp
Kentaro Ohno | ohken322
Kenji Tanaka | kjtnk
Ryota Katsube | ryota-katsube
Hiroshi Otani | hotanii
Ryota Kemmoku | moken20
Ryoko Yagi | 13gtryou
Daisaku Yokomatsu | daisaku-yokomatsu
Teruaki Shikuma | s-de-web

Bengali (BN)
Jamiul Islam | lucifer1112k
Mahmudur Rahman | MR-Asif12116135
Arpita Kundu
Shamminuj Aktar
Rahul Dev Sharma | rahulsust

German (DE)

Thorsten Mühge | TMuehge
Zina Efchary | zinaefchary
David Alber | david-alber
Marc Maußner | MarcMaussner
Phillip Hölscher | Philhoels
Kai-Chun Lin | kcLin2708

Spanish (ES_UN)

Claudia Zendejas-Morales | clausia
Rodrigo Rosado Rivial | roosado
Jennifer Rubio Duke | iguanajazz
Miguel Santos Luparelli Mathieu | msluparelli
Marco Antonio Nava Aguilar  | Herest
Juan Francisco Rodríguez Hernández | juanfrh7
Inaki Ortiz de Landaluce | inaki-ortizdelandaluce
José Luis Rodríguez Gómez | joseluisrg
Ángel Hortelano Pérez | angelhort
Ana María Martínez Valdés | anamartinezv
Guillermo Gascón Celdrán | ggasconn
Alejandro Damian Medici | alejandro-medici

Korean (KO)

Soyoung Shin | 0sophy1
Hyun Tae Kim | henrywork02
Sungjoo Hwang | Denny-Hwang
Dayeong Kang | tula3and
Mingi Ryu | mingiryu
Young Ju Tak | glucktak
Sumin Jin | nineil91
Inho Choi | q-inho
Jaeun Kim | jaeunkim
Dongok Kim | JadeKim
Yoojung Nam | haileynam
Jiwon Ju | JiwonI788
Taewhei Kim | F-los
Inhyuk Oh | OHINHYUK55
Joowon Jung | neont21
Hwiyong Jo | airplane2230
Hyehyeon Kim | delight1019
Woohyun Ahn | glingi
Jaeyoon Park | jenner9212
Beomgyu Choi | BeomGyuChoii
Sungwoo Ahn | sungwooahn
Anderson Park | jspark971
Taehee Kim | kimth2038
Heechang Kim | hckim012
Jaejun Ko | Rapo1756
Eunmi Bae | likeyellow
Chanyang Im | imchanyang

Indonesian (ID)

Hanifan Rizki Nurahman | Hanifanrn
Natasha Valentina | natashaval
Mukhammad Fahlevi Ali Rafsanjani | Fahlevi20
Muhammad Morteza Mudrick | mortezamudrick
Rudy Raymond | rraymondhp
Oki Gunawan | okigun
Hudzaifah Afif Al Fatih Nasution | hudzaifahalfatih
Ahmad Ridwan Tresna Nugraha | artnugraha

Portuguese (PT_UN)

Gustavo Mirapalheta | gustavomirapalheta
Marco Antonio Barroca | MarcoBarroca
André Galdino dos Santos | andregs2709
Natália Capra Ferrazzo | nataliaferrazzo
Omar Costa Hamido | omarcostahamido

Simplified Chinese (ZH-CHS)

Yunzhe Zheng | Dran-Z
Weixiao Sun | sunwx17
Bin Liu | fjirsmliu
Gang Ning | NG-Glen
Mengyin Tan | Linxi
Ting Zhang | Estella-NUDT

Hindi (HI)

Bin Liu | fjirsmliu
Weixiao Sun | sunwx17
Diksha Sharma | dikshasharma0795
Samanvay Sharma | starktech23

Serbian

Luka Nedimović | LukaNedimovic
Sasha Lazarevic | LZRVC
Slobodan Cicic | slocicic
Jelena Dedović | je111ena
